maturity_years,yield_percent,discount_factor_simple
1.0,3.95,0.962000962000962
2.0,4.13,0.9222491491306295
5.0,4.21,0.8136788369132725
10.0,4.48,0.6451613777618511
30.0,4.99,0.23203950395041065
