maturity_years,interpolated_zero_rate_percent,discount_factor_continuous
1.0,3.95,0.9612699539905982
2.0,4.13,0.9207193613169226
3.0,4.156666666666666,0.8827616913717029
5.0,4.21,0.8101790551533476
7.0,4.3180000000000005,0.7391458619801216
10.0,4.48,0.6389046840319161
30.0,4.99,0.22380055571943505
