curve_shift_bp,payer_clean_npv,positive_exposure,negative_exposure,exposure_state
-100.0,-581498.165464395,0.0,581498.165464395,liability_exposure
-50.0,-343745.68913741875,0.0,343745.68913741875,liability_exposure
0.0,-111654.03799605135,0.0,111654.03799605135,liability_exposure
50.0,114914.00320762604,114914.00320762604,0.0,asset_exposure
100.0,336092.299075908,336092.299075908,0.0,asset_exposure
